{"result":{"status":"success"},"favicon":{"package_url":"https://realfavicongenerator.net/files/7613dc7eec92a3b48dadf8cca62b97920f8944ee/favicon_package_v0.16.zip","files_urls":["https://realfavicongenerator.net/files/7613dc7eec92a3b48dadf8cca62b97920f8944ee/package_files/android-chrome-192x192.png","https://realfavicongenerator.net/files/7613dc7eec92a3b48dadf8cca62b97920f8944ee/package_files/android-chrome-512x512.png","https://realfavicongenerator.net/files/7613dc7eec92a3b48dadf8cca62b97920f8944ee/package_files/apple-touch-icon-114x114-precomposed.png","https://realfavicongenerator.net/files/7613dc7eec92a3b48dadf8cca62b97920f8944ee/package_files/apple-touch-icon-114x114.png","https://realfavicongenerator.net/files/7613dc7eec92a3b48dadf8cca62b97920f8944ee/package_files/apple-touch-icon-120x120-precomposed.png","https://realfavicongenerator.net/files/7613dc7eec92a3b48dadf8cca62b97920f8944ee/package_files/apple-touch-icon-120x120.png","https://realfavicongenerator.net/files/7613dc7eec92a3b48dadf8cca62b97920f8944ee/package_files/apple-touch-icon-144x144-precomposed.png","https://realfavicongenerator.net/files/7613dc7eec92a3b48dadf8cca62b97920f8944ee/package_files/apple-touch-icon-144x144.png","https://realfavicongenerator.net/files/7613dc7eec92a3b48dadf8cca62b97920f8944ee/package_files/apple-touch-icon-152x152-precomposed.png","https://realfavicongenerator.net/files/7613dc7eec92a3b48dadf8cca62b97920f8944ee/package_files/apple-touch-icon-152x152.png","https://realfavicongenerator.net/files/7613dc7eec92a3b48dadf8cca62b97920f8944ee/package_files/apple-touch-icon-180x180-precomposed.png","https://realfavicongenerator.net/files/7613dc7eec92a3b48dadf8cca62b97920f8944ee/package_files/apple-touch-icon-180x180.png","https://realfavicongenerator.net/files/7613dc7eec92a3b48dadf8cca62b97920f8944ee/package_files/apple-touch-icon-57x57-precomposed.png","https://realfavicongenerator.net/files/7613dc7eec92a3b48dadf8cca62b97920f8944ee/package_files/apple-touch-icon-57x57.png","https://realfavicongenerator.net/files/7613dc7eec92a3b48dadf8cca62b97920f8944ee/package_files/apple-touch-icon-60x60-precomposed.png","https://realfavicongenerator.net/files/7613dc7eec92a3b48dadf8cca62b97920f8944ee/package_files/apple-touch-icon-60x60.png","https://realfavicongenerator.net/files/7613dc7eec92a3b48dadf8cca62b97920f8944ee/package_files/apple-touch-icon-72x72-precomposed.png","https://realfavicongenerator.net/files/7613dc7eec92a3b48dadf8cca62b97920f8944ee/package_files/apple-touch-icon-72x72.png","https://realfavicongenerator.net/files/7613dc7eec92a3b48dadf8cca62b97920f8944ee/package_files/apple-touch-icon-76x76-precomposed.png","https://realfavicongenerator.net/files/7613dc7eec92a3b48dadf8cca62b97920f8944ee/package_files/apple-touch-icon-76x76.png","https://realfavicongenerator.net/files/7613dc7eec92a3b48dadf8cca62b97920f8944ee/package_files/apple-touch-icon-precomposed.png","https://realfavicongenerator.net/files/7613dc7eec92a3b48dadf8cca62b97920f8944ee/package_files/apple-touch-icon.png","https://realfavicongenerator.net/files/7613dc7eec92a3b48dadf8cca62b97920f8944ee/package_files/browserconfig.xml","https://realfavicongenerator.net/files/7613dc7eec92a3b48dadf8cca62b97920f8944ee/package_files/favicon-16x16.png","https://realfavicongenerator.net/files/7613dc7eec92a3b48dadf8cca62b97920f8944ee/package_files/favicon-32x32.png","https://realfavicongenerator.net/files/7613dc7eec92a3b48dadf8cca62b97920f8944ee/package_files/favicon.ico","https://realfavicongenerator.net/files/7613dc7eec92a3b48dadf8cca62b97920f8944ee/package_files/html_code.html","https://realfavicongenerator.net/files/7613dc7eec92a3b48dadf8cca62b97920f8944ee/package_files/mstile-144x144.png","https://realfavicongenerator.net/files/7613dc7eec92a3b48dadf8cca62b97920f8944ee/package_files/mstile-150x150.png","https://realfavicongenerator.net/files/7613dc7eec92a3b48dadf8cca62b97920f8944ee/package_files/mstile-310x150.png","https://realfavicongenerator.net/files/7613dc7eec92a3b48dadf8cca62b97920f8944ee/package_files/mstile-310x310.png","https://realfavicongenerator.net/files/7613dc7eec92a3b48dadf8cca62b97920f8944ee/package_files/mstile-70x70.png","https://realfavicongenerator.net/files/7613dc7eec92a3b48dadf8cca62b97920f8944ee/package_files/safari-pinned-tab.svg","https://realfavicongenerator.net/files/7613dc7eec92a3b48dadf8cca62b97920f8944ee/package_files/site.webmanifest"],"html_code":"<link rel=\"apple-touch-icon\" sizes=\"180x180\" href=\"/favicons/apple-touch-icon.png\">\n<link rel=\"icon\" type=\"image/png\" sizes=\"32x32\" href=\"/favicons/favicon-32x32.png\">\n<link rel=\"icon\" type=\"image/png\" sizes=\"16x16\" href=\"/favicons/favicon-16x16.png\">\n<link rel=\"manifest\" href=\"/favicons/site.webmanifest\">\n<link rel=\"mask-icon\" href=\"/favicons/safari-pinned-tab.svg\" color=\"#17cebd\">\n<link rel=\"shortcut icon\" href=\"/favicons/favicon.ico\">\n<meta name=\"apple-mobile-web-app-title\" content=\"Pharmacie\">\n<meta name=\"application-name\" content=\"Pharmacie\">\n<meta name=\"msapplication-TileColor\" content=\"#17cebd\">\n<meta name=\"msapplication-TileImage\" content=\"/favicons/mstile-144x144.png\">\n<meta name=\"msapplication-config\" content=\"/favicons/browserconfig.xml\">\n<meta name=\"theme-color\" content=\"#17cebd\">","compression":"false","overlapping_markups":["link[rel=\"apple-touch-icon\"]","meta[name=\"apple-mobile-web-app-title\"]","link[rel=\"shortcut\"]","link[rel=\"shortcut icon\"]","link[rel=\"icon\",sizes=\"16x16\"]","link[rel=\"icon\",sizes=\"32x32\"]","meta[name=\"msapplication-TileColor\"]","meta[name=\"msapplication-TileImage\"]","meta[name=\"msapplication-config\"]","meta[name=\"application-name\"]","link[rel=\"manifest\"]","meta[name=\"theme-color\"]","link[rel=\"mask-icon\"]"]},"files_location":{"type":"path","path":"/favicons/"},"preview_picture_url":"https://realfavicongenerator.net/files/7613dc7eec92a3b48dadf8cca62b97920f8944ee/favicon_preview.png","version":"0.16"}